<?xml version="1.0" encoding="UTF-8" standalone="yes"?>
<addon id="repository.meganoide" name="Meganoide" version="1.0" provider-name="Meganoide">
	<extension point="xbmc.addon.repository" name="Meganoide">
		<info compressed="false">https://raw.githubusercontent.com/Meganoide979/Kodi_Secure_VPN_Addon/master/addons/addons.xml</info>
		<checksum>https://raw.githubusercontent.com/Meganoide979/Kodi_Secure_VPN_Addon/master/addons/addons.xml.md5</checksum>
		<datadir zip="true">https://github.com/Meganoide979/Kodi_Secure_VPN_Addon/tree/master/addons</datadir>
	</extension>
	<extension point="xbmc.addon.metadata">
		<summary>Meganoide Repo.</summary>
		<description>Meganoide Repository</description>
		<platform>all</platform>
	</extension>
</addon>