<?xml version="1.0" encoding="UTF-8" standalone="yes"?>
<addon id="plugin.program.securevpn" name="Secure VPN" version="3.0.0" provider-name="frank">
	<requires>
		<import addon="xbmc.python" version="2.14.0"/>
	</requires>
	<extension point="xbmc.python.pluginsource" library="addon.py">
		<provides>executable</provides>
	</extension>
	<extension point="xbmc.addon.metadata">
		<platform>all</platform>
		<summary lang="en">Secure VPN</summary>
		<description lang="en">Secure VPN Management</description>
		<license>GNU General Public License, v2</license>
		<language></language>
	</extension>
</addon>